candidate_id,sqi_rule,bis_staleness_cap_seconds,drug_hold_cap_seconds,case_count,total_candidate_grid_points,usable_history_endpoints,usable_target_points,total_usable_windows,usable_case_count,zero_window_cases,patient_window_count_distribution,failure_reason_counts,overlapping_failure_reason_counts,duplicate_timestamp_affected_endpoint_count,future_timestamp_use_count,cross_case_connection_count,selected,recommended
sqi_not_required__bis10s__drug30s,sqi_not_required,10,30,2470,2500472,2475848,2491570,2474191,2468,2,"{""available_count"":2470,""maximum"":3706.0,""median"":845.0,""method"":""nearest_rank_observed_values"",""minimum"":0.0,""missing_count"":0,""q01"":210.0,""q05"":324.0,""q25"":539.0,""q75"":1337.0,""q95"":2172.0,""q99"":2899.0}","{""history_bis_unavailable"":14331,""history_propofol_unavailable"":13686,""history_remifentanil_unavailable"":14365,""target_bis_unavailable"":8902}","{""PASS"":2474191,""history_bis_unavailable"":6061,""history_bis_unavailable|history_propofol_unavailable|history_remifentanil_unavailable"":1028,""history_bis_unavailable|history_propofol_unavailable|history_remifentanil_unavailable|target_bis_unavailable"":3169,""history_bis_unavailable|target_bis_unavailable"":4073,""history_propofol_unavailable"":125,""history_propofol_unavailable|history_remifentanil_unavailable"":9361,""history_propofol_unavailable|history_remifentanil_unavailable|target_bis_unavailable"":3,""history_remifentanil_unavailable"":804,""target_bis_unavailable"":1657}",3449,0,0,false,false
sqi_not_required__bis10s__drug60s,sqi_not_required,10,60,2470,2500472,2476729,2491570,2475072,2468,2,"{""available_count"":2470,""maximum"":3706.0,""median"":845.0,""method"":""nearest_rank_observed_values"",""minimum"":0.0,""missing_count"":0,""q01"":213.0,""q05"":325.0,""q25"":540.0,""q75"":1338.0,""q95"":2174.0,""q99"":2899.0}","{""history_bis_unavailable"":14331,""history_propofol_unavailable"":11980,""history_remifentanil_unavailable"":12688,""target_bis_unavailable"":8902}","{""PASS"":2475072,""history_bis_unavailable"":6659,""history_bis_unavailable|history_propofol_unavailable|history_remifentanil_unavailable"":430,""history_bis_unavailable|history_propofol_unavailable|history_remifentanil_unavailable|target_bis_unavailable"":2975,""history_bis_unavailable|target_bis_unavailable"":4267,""history_propofol_unavailable"":129,""history_propofol_unavailable|history_remifentanil_unavailable"":8443,""history_propofol_unavailable|history_remifentanil_unavailable|target_bis_unavailable"":3,""history_remifentanil_unavailable"":837,""target_bis_unavailable"":1657}",3449,0,0,false,false
sqi_not_required__bis10s__drug120s,sqi_not_required,10,120,2470,2500472,2478277,2491570,2476618,2468,2,"{""available_count"":2470,""maximum"":3706.0,""median"":845.0,""method"":""nearest_rank_observed_values"",""minimum"":0.0,""missing_count"":0,""q01"":213.0,""q05"":325.0,""q25"":540.0,""q75"":1339.0,""q95"":2174.0,""q99"":2899.0}","{""history_bis_unavailable"":14331,""history_propofol_unavailable"":10181,""history_remifentanil_unavailable"":10757,""target_bis_unavailable"":8902}","{""PASS"":2476618,""history_bis_unavailable"":6799,""history_bis_unavailable|history_propofol_unavailable|history_remifentanil_unavailable"":290,""history_bis_unavailable|history_propofol_unavailable|history_remifentanil_unavailable|target_bis_unavailable"":2702,""history_bis_unavailable|target_bis_unavailable"":4540,""history_propofol_unavailable"":99,""history_propofol_unavailable|history_remifentanil_unavailable"":7089,""history_propofol_unavailable|history_remifentanil_unavailable|target_bis_unavailable"":1,""history_remifentanil_unavailable"":675,""target_bis_unavailable"":1659}",3449,0,0,false,false
sqi_not_required__bis10s__drug300s,sqi_not_required,10,300,2470,2500472,2481484,2491570,2479825,2468,2,"{""available_count"":2470,""maximum"":3706.0,""median"":846.0,""method"":""nearest_rank_observed_values"",""minimum"":0.0,""missing_count"":0,""q01"":216.0,""q05"":326.0,""q25"":543.0,""q75"":1339.0,""q95"":2174.0,""q99"":2899.0}","{""history_bis_unavailable"":14331,""history_propofol_unavailable"":6580,""history_remifentanil_unavailable"":6999,""target_bis_unavailable"":8902}","{""PASS"":2479825,""history_bis_unavailable"":6945,""history_bis_unavailable|history_propofol_unavailable|history_remifentanil_unavailable"":144,""history_bis_unavailable|history_propofol_unavailable|history_remifentanil_unavailable|target_bis_unavailable"":2253,""history_bis_unavailable|target_bis_unavailable"":4989,""history_propofol_unavailable"":55,""history_propofol_unavailable|history_remifentanil_unavailable"":4127,""history_propofol_unavailable|history_remifentanil_unavailable|target_bis_unavailable"":1,""history_remifentanil_unavailable"":474,""target_bis_unavailable"":1659}",3449,0,0,false,false
sqi_not_required__bis10s__drug600s,sqi_not_required,10,600,2470,2500472,2484019,2491570,2482359,2468,2,"{""available_count"":2470,""maximum"":3706.0,""median"":850.0,""method"":""nearest_rank_observed_values"",""minimum"":0.0,""missing_count"":0,""q01"":216.0,""q05"":326.0,""q25"":543.0,""q75"":1339.0,""q95"":2174.0,""q99"":2899.0}","{""history_bis_unavailable"":14331,""history_propofol_unavailable"":3793,""history_remifentanil_unavailable"":3996,""target_bis_unavailable"":8902}","{""PASS"":2482359,""history_bis_unavailable"":6986,""history_bis_unavailable|history_propofol_unavailable|history_remifentanil_unavailable"":103,""history_bis_unavailable|history_propofol_unavailable|history_remifentanil_unavailable|target_bis_unavailable"":1785,""history_bis_unavailable|target_bis_unavailable"":5457,""history_propofol_unavailable"":14,""history_propofol_unavailable|history_remifentanil_unavailable"":1891,""history_remifentanil_unavailable"":217,""target_bis_unavailable"":1660}",3449,0,0,false,false
sqi_not_required__bis20s__drug30s,sqi_not_required,20,30,2470,2500472,2480357,2492655,2479605,2468,2,"{""available_count"":2470,""maximum"":3706.0,""median"":847.0,""method"":""nearest_rank_observed_values"",""minimum"":0.0,""missing_count"":0,""q01"":210.0,""q05"":324.0,""q25"":540.0,""q75"":1340.0,""q95"":2179.0,""q99"":2908.0}","{""history_bis_unavailable"":9752,""history_propofol_unavailable"":13686,""history_remifentanil_unavailable"":14365,""target_bis_unavailable"":7817}","{""PASS"":2479605,""history_bis_unavailable"":1720,""history_bis_unavailable|history_propofol_unavailable|history_remifentanil_unavailable"":967,""history_bis_unavailable|history_propofol_unavailable|history_remifentanil_unavailable|target_bis_unavailable"":3160,""history_bis_unavailable|target_bis_unavailable"":3905,""history_propofol_unavailable"":125,""history_propofol_unavailable|history_remifentanil_unavailable"":9434,""history_remifentanil_unavailable"":804,""target_bis_unavailable"":752}",3449,0,0,false,false
sqi_not_required__bis20s__drug60s,sqi_not_required,20,60,2470,2500472,2481290,2492655,2480538,2468,2,"{""available_count"":2470,""maximum"":3706.0,""median"":847.0,""method"":""nearest_rank_observed_values"",""minimum"":0.0,""missing_count"":0,""q01"":213.0,""q05"":325.0,""q25"":541.0,""q75"":1340.0,""q95"":2181.0,""q99"":2908.0}","{""history_bis_unavailable"":9752,""history_propofol_unavailable"":11980,""history_remifentanil_unavailable"":12688,""target_bis_unavailable"":7817}","{""PASS"":2480538,""history_bis_unavailable"":2271,""history_bis_unavailable|history_propofol_unavailable|history_remifentanil_unavailable"":416,""history_bis_unavailable|history_propofol_unavailable|history_remifentanil_unavailable|target_bis_unavailable"":2971,""history_bis_unavailable|target_bis_unavailable"":4094,""history_propofol_unavailable"":129,""history_propofol_unavailable|history_remifentanil_unavailable"":8464,""history_remifentanil_unavailable"":837,""target_bis_unavailable"":752}",3449,0,0,false,false
sqi_not_required__bis20s__drug120s,sqi_not_required,20,120,2470,2500472,2482841,2492655,2482089,2468,2,"{""available_count"":2470,""maximum"":3706.0,""median"":847.0,""method"":""nearest_rank_observed_values"",""minimum"":0.0,""missing_count"":0,""q01"":213.0,""q05"":325.0,""q25"":543.0,""q75"":1342.0,""q95"":2181.0,""q99"":2908.0}","{""history_bis_unavailable"":9752,""history_propofol_unavailable"":10181,""history_remifentanil_unavailable"":10757,""target_bis_unavailable"":7817}","{""PASS"":2482089,""history_bis_unavailable"":2409,""history_bis_unavailable|history_propofol_unavailable|history_remifentanil_unavailable"":278,""history_bis_unavailable|history_propofol_unavailable|history_remifentanil_unavailable|target_bis_unavailable"":2699,""history_bis_unavailable|target_bis_unavailable"":4366,""history_propofol_unavailable"":99,""history_propofol_unavailable|history_remifentanil_unavailable"":7105,""history_remifentanil_unavailable"":675,""target_bis_unavailable"":752}",3449,0,0,false,false
sqi_not_required__bis20s__drug300s,sqi_not_required,20,300,2470,2500472,2486057,2492655,2485305,2468,2,"{""available_count"":2470,""maximum"":3706.0,""median"":849.0,""method"":""nearest_rank_observed_values"",""minimum"":0.0,""missing_count"":0,""q01"":216.0,""q05"":326.0,""q25"":543.0,""q75"":1342.0,""q95"":2181.0,""q99"":2908.0}","{""history_bis_unavailable"":9752,""history_propofol_unavailable"":6580,""history_remifentanil_unavailable"":6999,""target_bis_unavailable"":7817}","{""PASS"":2485305,""history_bis_unavailable"":2546,""history_bis_unavailable|history_propofol_unavailable|history_remifentanil_unavailable"":141,""history_bis_unavailable|history_propofol_unavailable|history_remifentanil_unavailable|target_bis_unavailable"":2250,""history_bis_unavailable|target_bis_unavailable"":4815,""history_propofol_unavailable"":55,""history_propofol_unavailable|history_remifentanil_unavailable"":4134,""history_remifentanil_unavailable"":474,""target_bis_unavailable"":752}",3449,0,0,false,false
sqi_not_required__bis20s__drug600s,sqi_not_required,20,600,2470,2500472,2488598,2492655,2487846,2468,2,"{""available_count"":2470,""maximum"":3706.0,""median"":851.0,""method"":""nearest_rank_observed_values"",""minimum"":0.0,""missing_count"":0,""q01"":216.0,""q05"":326.0,""q25"":544.0,""q75"":1342.0,""q95"":2181.0,""q99"":2908.0}","{""history_bis_unavailable"":9752,""history_propofol_unavailable"":3793,""history_remifentanil_unavailable"":3996,""target_bis_unavailable"":7817}","{""PASS"":2487846,""history_bis_unavailable"":2583,""history_bis_unavailable|history_propofol_unavailable|history_remifentanil_unavailable"":104,""history_bis_unavailable|history_propofol_unavailable|history_remifentanil_unavailable|target_bis_unavailable"":1784,""history_bis_unavailable|target_bis_unavailable"":5281,""history_propofol_unavailable"":14,""history_propofol_unavailable|history_remifentanil_unavailable"":1891,""history_remifentanil_unavailable"":217,""target_bis_unavailable"":752}",3449,0,0,false,false
sqi_not_required__bis30s__drug30s,sqi_not_required,30,30,2470,2500472,2481393,2493040,2480892,2468,2,"{""available_count"":2470,""maximum"":3706.0,""median"":847.0,""method"":""nearest_rank_observed_values"",""minimum"":0.0,""missing_count"":0,""q01"":210.0,""q05"":324.0,""q25"":542.0,""q75"":1340.0,""q95"":2181.0,""q99"":2908.0}","{""history_bis_unavailable"":8664,""history_propofol_unavailable"":13686,""history_remifentanil_unavailable"":14365,""target_bis_unavailable"":7432}","{""PASS"":2480892,""history_bis_unavailable"":812,""history_bis_unavailable|history_propofol_unavailable|history_remifentanil_unavailable"":924,""history_bis_unavailable|history_propofol_unavailable|history_remifentanil_unavailable|target_bis_unavailable"":3151,""history_bis_unavailable|target_bis_unavailable"":3777,""history_propofol_unavailable"":125,""history_propofol_unavailable|history_remifentanil_unavailable"":9483,""history_propofol_unavailable|history_remifentanil_unavailable|target_bis_unavailable"":3,""history_remifentanil_unavailable"":804,""target_bis_unavailable"":501}",3449,0,0,false,false
sqi_not_required__bis30s__drug60s,sqi_not_required,30,60,2470,2500472,2482378,2493040,2481874,2468,2,"{""available_count"":2470,""maximum"":3706.0,""median"":848.0,""method"":""nearest_rank_observed_values"",""minimum"":0.0,""missing_count"":0,""q01"":213.0,""q05"":325.0,""q25"":543.0,""q75"":1341.0,""q95"":2181.0,""q99"":2908.0}","{""history_bis_unavailable"":8664,""history_propofol_unavailable"":11980,""history_remifentanil_unavailable"":12688,""target_bis_unavailable"":7432}","{""PASS"":2481874,""history_bis_unavailable"":1318,""history_bis_unavailable|history_propofol_unavailable|history_remifentanil_unavailable"":418,""history_bis_unavailable|history_propofol_unavailable|history_remifentanil_unavailable|target_bis_unavailable"":2969,""history_bis_unavailable|target_bis_unavailable"":3959,""history_propofol_unavailable"":129,""history_propofol_unavailable|history_remifentanil_unavailable"":8464,""history_remifentanil_unavailable"":837,""target_bis_unavailable"":504}",3449,0,0,false,false
sqi_not_required__bis30s__drug120s,sqi_not_required,30,120,2470,2500472,2483929,2493040,2483425,2468,2,"{""available_count"":2470,""maximum"":3706.0,""median"":848.0,""method"":""nearest_rank_observed_values"",""minimum"":0.0,""missing_count"":0,""q01"":213.0,""q05"":325.0,""q25"":543.0,""q75"":1342.0,""q95"":2181.0,""q99"":2908.0}","{""history_bis_unavailable"":8664,""history_propofol_unavailable"":10181,""history_remifentanil_unavailable"":10757,""target_bis_unavailable"":7432}","{""PASS"":2483425,""history_bis_unavailable"":1457,""history_bis_unavailable|history_propofol_unavailable|history_remifentanil_unavailable"":279,""history_bis_unavailable|history_propofol_unavailable|history_remifentanil_unavailable|target_bis_unavailable"":2698,""history_bis_unavailable|target_bis_unavailable"":4230,""history_propofol_unavailable"":99,""history_propofol_unavailable|history_remifentanil_unavailable"":7105,""history_remifentanil_unavailable"":675,""target_bis_unavailable"":504}",3449,0,0,false,false
sqi_not_required__bis30s__drug300s,sqi_not_required,30,300,2470,2500472,2487145,2493040,2486641,2468,2,"{""available_count"":2470,""maximum"":3706.0,""median"":850.0,""method"":""nearest_rank_observed_values"",""minimum"":0.0,""missing_count"":0,""q01"":216.0,""q05"":326.0,""q25"":544.0,""q75"":1342.0,""q95"":2181.0,""q99"":2908.0}","{""history_bis_unavailable"":8664,""history_propofol_unavailable"":6580,""history_remifentanil_unavailable"":6999,""target_bis_unavailable"":7432}","{""PASS"":2486641,""history_bis_unavailable"":1594,""history_bis_unavailable|history_propofol_unavailable|history_remifentanil_unavailable"":142,""history_bis_unavailable|history_propofol_unavailable|history_remifentanil_unavailable|target_bis_unavailable"":2249,""history_bis_unavailable|target_bis_unavailable"":4679,""history_propofol_unavailable"":55,""history_propofol_unavailable|history_remifentanil_unavailable"":4134,""history_remifentanil_unavailable"":474,""target_bis_unavailable"":504}",3449,0,0,false,false
sqi_not_required__bis30s__drug600s,sqi_not_required,30,600,2470,2500472,2489686,2493040,2489182,2468,2,"{""available_count"":2470,""maximum"":3706.0,""median"":851.0,""method"":""nearest_rank_observed_values"",""minimum"":0.0,""missing_count"":0,""q01"":216.0,""q05"":326.0,""q25"":544.0,""q75"":1342.0,""q95"":2181.0,""q99"":2908.0}","{""history_bis_unavailable"":8664,""history_propofol_unavailable"":3793,""history_remifentanil_unavailable"":3996,""target_bis_unavailable"":7432}","{""PASS"":2489182,""history_bis_unavailable"":1632,""history_bis_unavailable|history_propofol_unavailable|history_remifentanil_unavailable"":104,""history_bis_unavailable|history_propofol_unavailable|history_remifentanil_unavailable|target_bis_unavailable"":1784,""history_bis_unavailable|target_bis_unavailable"":5144,""history_propofol_unavailable"":14,""history_propofol_unavailable|history_remifentanil_unavailable"":1891,""history_remifentanil_unavailable"":217,""target_bis_unavailable"":504}",3449,0,0,false,false
sqi_ge_20__bis10s__drug30s,sqi_ge_20,10,30,2470,2500472,2356865,2394511,2343275,2466,4,"{""available_count"":2470,""maximum"":3672.0,""median"":790.0,""method"":""nearest_rank_observed_values"",""minimum"":0.0,""missing_count"":0,""q01"":175.0,""q05"":278.0,""q25"":490.0,""q75"":1288.0,""q95"":2114.0,""q99"":2801.0}","{""history_bis_unavailable"":140153,""history_propofol_unavailable"":13686,""history_remifentanil_unavailable"":14365,""target_bis_unavailable"":105961}","{""PASS"":2343275,""history_bis_unavailable"":46952,""history_bis_unavailable|history_propofol_unavailable|history_remifentanil_unavailable"":983,""history_bis_unavailable|history_propofol_unavailable|history_remifentanil_unavailable|target_bis_unavailable"":9475,""history_bis_unavailable|history_propofol_unavailable|target_bis_unavailable"":61,""history_bis_unavailable|history_remifentanil_unavailable"":31,""history_bis_unavailable|history_remifentanil_unavailable|target_bis_unavailable"":486,""history_bis_unavailable|target_bis_unavailable"":82165,""history_propofol_unavailable"":64,""history_propofol_unavailable|history_remifentanil_unavailable"":2930,""history_propofol_unavailable|history_remifentanil_unavailable|target_bis_unavailable"":173,""history_remifentanil_unavailable"":276,""history_remifentanil_unavailable|target_bis_unavailable"":11,""target_bis_unavailable"":13590}",3448,0,0,false,false
sqi_ge_20__bis10s__drug60s,sqi_ge_20,10,60,2470,2500472,2357294,2394511,2343674,2466,4,"{""available_count"":2470,""maximum"":3672.0,""median"":790.0,""method"":""nearest_rank_observed_values"",""minimum"":0.0,""missing_count"":0,""q01"":175.0,""q05"":278.0,""q25"":490.0,""q75"":1288.0,""q95"":2120.0,""q99"":2801.0}","{""history_bis_unavailable"":140153,""history_propofol_unavailable"":11980,""history_remifentanil_unavailable"":12688,""target_bis_unavailable"":105961}","{""PASS"":2343674,""history_bis_unavailable"":47507,""history_bis_unavailable|history_propofol_unavailable|history_remifentanil_unavailable"":426,""history_bis_unavailable|history_propofol_unavailable|history_remifentanil_unavailable|target_bis_unavailable"":8758,""history_bis_unavailable|history_propofol_unavailable|target_bis_unavailable"":58,""history_bis_unavailable|history_remifentanil_unavailable"":33,""history_bis_unavailable|history_remifentanil_unavailable|target_bis_unavailable"":517,""history_bis_unavailable|target_bis_unavailable"":82854,""history_propofol_unavailable"":71,""history_propofol_unavailable|history_remifentanil_unavailable"":2523,""history_propofol_unavailable|history_remifentanil_unavailable|target_bis_unavailable"":144,""history_remifentanil_unavailable"":277,""history_remifentanil_unavailable|target_bis_unavailable"":10,""target_bis_unavailable"":13620}",3448,0,0,false,false
sqi_ge_20__bis10s__drug120s,sqi_ge_20,10,120,2470,2500472,2357914,2394511,2344261,2466,4,"{""available_count"":2470,""maximum"":3672.0,""median"":791.0,""method"":""nearest_rank_observed_values"",""minimum"":0.0,""missing_count"":0,""q01"":175.0,""q05"":278.0,""q25"":491.0,""q75"":1288.0,""q95"":2122.0,""q99"":2801.0}","{""history_bis_unavailable"":140153,""history_propofol_unavailable"":10181,""history_remifentanil_unavailable"":10757,""target_bis_unavailable"":105961}","{""PASS"":2344261,""history_bis_unavailable"":47680,""history_bis_unavailable|history_propofol_unavailable|history_remifentanil_unavailable"":277,""history_bis_unavailable|history_propofol_unavailable|history_remifentanil_unavailable|target_bis_unavailable"":7634,""history_bis_unavailable|history_propofol_unavailable|target_bis_unavailable"":55,""history_bis_unavailable|history_remifentanil_unavailable"":9,""history_bis_unavailable|history_remifentanil_unavailable|target_bis_unavailable"":476,""history_bis_unavailable|target_bis_unavailable"":84022,""history_propofol_unavailable"":44,""history_propofol_unavailable|history_remifentanil_unavailable"":2061,""history_propofol_unavailable|history_remifentanil_unavailable|target_bis_unavailable"":110,""history_remifentanil_unavailable"":179,""history_remifentanil_unavailable|target_bis_unavailable"":11,""target_bis_unavailable"":13653}",3448,0,0,false,false
sqi_ge_20__bis10s__drug300s,sqi_ge_20,10,300,2470,2500472,2358821,2394511,2345126,2466,4,"{""available_count"":2470,""maximum"":3672.0,""median"":791.0,""method"":""nearest_rank_observed_values"",""minimum"":0.0,""missing_count"":0,""q01"":175.0,""q05"":278.0,""q25"":492.0,""q75"":1288.0,""q95"":2122.0,""q99"":2801.0}","{""history_bis_unavailable"":140153,""history_propofol_unavailable"":6580,""history_remifentanil_unavailable"":6999,""target_bis_unavailable"":105961}","{""PASS"":2345126,""history_bis_unavailable"":47820,""history_bis_unavailable|history_propofol_unavailable|history_remifentanil_unavailable"":138,""history_bis_unavailable|history_propofol_unavailable|history_remifentanil_unavailable|target_bis_unavailable"":4994,""history_bis_unavailable|history_propofol_unavailable|target_bis_unavailable"":33,""history_bis_unavailable|history_remifentanil_unavailable"":8,""history_bis_unavailable|history_remifentanil_unavailable|target_bis_unavailable"":383,""history_bis_unavailable|target_bis_unavailable"":86777,""history_propofol_unavailable"":20,""history_propofol_unavailable|history_remifentanil_unavailable"":1320,""history_propofol_unavailable|history_remifentanil_unavailable|target_bis_unavailable"":73,""history_propofol_unavailable|target_bis_unavailable"":2,""history_remifentanil_unavailable"":79,""history_remifentanil_unavailable|target_bis_unavailable"":4,""target_bis_unavailable"":13695}",3448,0,0,false,false
sqi_ge_20__bis10s__drug600s,sqi_ge_20,10,600,2470,2500472,2359526,2394511,2345800,2466,4,"{""available_count"":2470,""maximum"":3672.0,""median"":791.0,""method"":""nearest_rank_observed_values"",""minimum"":0.0,""missing_count"":0,""q01"":175.0,""q05"":278.0,""q25"":493.0,""q75"":1289.0,""q95"":2122.0,""q99"":2801.0}","{""history_bis_unavailable"":140153,""history_propofol_unavailable"":3793,""history_remifentanil_unavailable"":3996,""target_bis_unavailable"":105961}","{""PASS"":2345800,""history_bis_unavailable"":47856,""history_bis_unavailable|history_propofol_unavailable"":3,""history_bis_unavailable|history_propofol_unavailable|history_remifentanil_unavailable"":99,""history_bis_unavailable|history_propofol_unavailable|history_remifentanil_unavailable|target_bis_unavailable"":2927,""history_bis_unavailable|history_propofol_unavailable|target_bis_unavailable"":11,""history_bis_unavailable|history_remifentanil_unavailable"":8,""history_bis_unavailable|history_remifentanil_unavailable|target_bis_unavailable"":169,""history_bis_unavailable|target_bis_unavailable"":89080,""history_propofol_unavailable|history_remifentanil_unavailable"":708,""history_propofol_unavailable|history_remifentanil_unavailable|target_bis_unavailable"":45,""history_remifentanil_unavailable"":37,""history_remifentanil_unavailable|target_bis_unavailable"":3,""target_bis_unavailable"":13726}",3448,0,0,false,false
sqi_ge_20__bis20s__drug30s,sqi_ge_20,20,30,2470,2500472,2372148,2400931,2361642,2466,4,"{""available_count"":2470,""maximum"":3673.0,""median"":798.0,""method"":""nearest_rank_observed_values"",""minimum"":0.0,""missing_count"":0,""q01"":176.0,""q05"":282.0,""q25"":494.0,""q75"":1297.0,""q95"":2127.0,""q99"":2858.0}","{""history_bis_unavailable"":124749,""history_propofol_unavailable"":13686,""history_remifentanil_unavailable"":14365,""target_bis_unavailable"":99541}","{""PASS"":2361642,""history_bis_unavailable"":34927,""history_bis_unavailable|history_propofol_unavailable|history_remifentanil_unavailable"":951,""history_bis_unavailable|history_propofol_unavailable|history_remifentanil_unavailable|target_bis_unavailable"":9391,""history_bis_unavailable|history_propofol_unavailable|target_bis_unavailable"":61,""history_bis_unavailable|history_remifentanil_unavailable"":32,""history_bis_unavailable|history_remifentanil_unavailable|target_bis_unavailable"":480,""history_bis_unavailable|target_bis_unavailable"":78907,""history_propofol_unavailable"":64,""history_propofol_unavailable|history_remifentanil_unavailable"":3036,""history_propofol_unavailable|history_remifentanil_unavailable|target_bis_unavailable"":183,""history_remifentanil_unavailable"":279,""history_remifentanil_unavailable|target_bis_unavailable"":13,""target_bis_unavailable"":10506}",3449,0,0,false,false
sqi_ge_20__bis20s__drug60s,sqi_ge_20,20,60,2470,2500472,2372637,2400931,2362090,2466,4,"{""available_count"":2470,""maximum"":3673.0,""median"":798.0,""method"":""nearest_rank_observed_values"",""minimum"":0.0,""missing_count"":0,""q01"":176.0,""q05"":282.0,""q25"":494.0,""q75"":1298.0,""q95"":2129.0,""q99"":2858.0}","{""history_bis_unavailable"":124749,""history_propofol_unavailable"":11980,""history_remifentanil_unavailable"":12688,""target_bis_unavailable"":99541}","{""PASS"":2362090,""history_bis_unavailable"":35450,""history_bis_unavailable|history_propofol_unavailable|history_remifentanil_unavailable"":427,""history_bis_unavailable|history_propofol_unavailable|history_remifentanil_unavailable|target_bis_unavailable"":8700,""history_bis_unavailable|history_propofol_unavailable|target_bis_unavailable"":58,""history_bis_unavailable|history_remifentanil_unavailable"":33,""history_bis_unavailable|history_remifentanil_unavailable|target_bis_unavailable"":513,""history_bis_unavailable|target_bis_unavailable"":79568,""history_propofol_unavailable"":71,""history_propofol_unavailable|history_remifentanil_unavailable"":2580,""history_propofol_unavailable|history_remifentanil_unavailable|target_bis_unavailable"":144,""history_remifentanil_unavailable"":280,""history_remifentanil_unavailable|target_bis_unavailable"":11,""target_bis_unavailable"":10547}",3449,0,0,false,false
sqi_ge_20__bis20s__drug120s,sqi_ge_20,20,120,2470,2500472,2373269,2400931,2362688,2466,4,"{""available_count"":2470,""maximum"":3673.0,""median"":798.0,""method"":""nearest_rank_observed_values"",""minimum"":0.0,""missing_count"":0,""q01"":176.0,""q05"":282.0,""q25"":495.0,""q75"":1298.0,""q95"":2129.0,""q99"":2858.0}","{""history_bis_unavailable"":124749,""history_propofol_unavailable"":10181,""history_remifentanil_unavailable"":10757,""target_bis_unavailable"":99541}","{""PASS"":2362688,""history_bis_unavailable"":35625,""history_bis_unavailable|history_propofol_unavailable|history_remifentanil_unavailable"":276,""history_bis_unavailable|history_propofol_unavailable|history_remifentanil_unavailable|target_bis_unavailable"":7591,""history_bis_unavailable|history_propofol_unavailable|target_bis_unavailable"":55,""history_bis_unavailable|history_remifentanil_unavailable"":9,""history_bis_unavailable|history_remifentanil_unavailable|target_bis_unavailable"":471,""history_bis_unavailable|target_bis_unavailable"":80722,""history_propofol_unavailable"":44,""history_propofol_unavailable|history_remifentanil_unavailable"":2108,""history_propofol_unavailable|history_remifentanil_unavailable|target_bis_unavailable"":107,""history_remifentanil_unavailable"":181,""history_remifentanil_unavailable|target_bis_unavailable"":14,""target_bis_unavailable"":10581}",3449,0,0,false,false
sqi_ge_20__bis20s__drug300s,sqi_ge_20,20,300,2470,2500472,2374189,2400931,2363567,2466,4,"{""available_count"":2470,""maximum"":3673.0,""median"":799.0,""method"":""nearest_rank_observed_values"",""minimum"":0.0,""missing_count"":0,""q01"":176.0,""q05"":282.0,""q25"":497.0,""q75"":1298.0,""q95"":2129.0,""q99"":2858.0}","{""history_bis_unavailable"":124749,""history_propofol_unavailable"":6580,""history_remifentanil_unavailable"":6999,""target_bis_unavailable"":99541}","{""PASS"":2363567,""history_bis_unavailable"":35765,""history_bis_unavailable|history_propofol_unavailable|history_remifentanil_unavailable"":137,""history_bis_unavailable|history_propofol_unavailable|history_remifentanil_unavailable|target_bis_unavailable"":4961,""history_bis_unavailable|history_propofol_unavailable|target_bis_unavailable"":33,""history_bis_unavailable|history_remifentanil_unavailable"":8,""history_bis_unavailable|history_remifentanil_unavailable|target_bis_unavailable"":381,""history_bis_unavailable|target_bis_unavailable"":83464,""history_propofol_unavailable"":21,""history_propofol_unavailable|history_remifentanil_unavailable"":1353,""history_propofol_unavailable|history_remifentanil_unavailable|target_bis_unavailable"":74,""history_propofol_unavailable|target_bis_unavailable"":1,""history_remifentanil_unavailable"":80,""history_remifentanil_unavailable|target_bis_unavailable"":5,""target_bis_unavailable"":10622}",3449,0,0,false,false
sqi_ge_20__bis20s__drug600s,sqi_ge_20,20,600,2470,2500472,2374906,2400931,2364252,2466,4,"{""available_count"":2470,""maximum"":3673.0,""median"":799.0,""method"":""nearest_rank_observed_values"",""minimum"":0.0,""missing_count"":0,""q01"":176.0,""q05"":282.0,""q25"":498.0,""q75"":1298.0,""q95"":2129.0,""q99"":2858.0}","{""history_bis_unavailable"":124749,""history_propofol_unavailable"":3793,""history_remifentanil_unavailable"":3996,""target_bis_unavailable"":99541}","{""PASS"":2364252,""history_bis_unavailable"":35804,""history_bis_unavailable|history_propofol_unavailable"":3,""history_bis_unavailable|history_propofol_unavailable|history_remifentanil_unavailable"":95,""history_bis_unavailable|history_propofol_unavailable|history_remifentanil_unavailable|target_bis_unavailable"":2910,""history_bis_unavailable|history_propofol_unavailable|target_bis_unavailable"":9,""history_bis_unavailable|history_remifentanil_unavailable"":8,""history_bis_unavailable|history_remifentanil_unavailable|target_bis_unavailable"":168,""history_bis_unavailable|target_bis_unavailable"":85752,""history_propofol_unavailable"":2,""history_propofol_unavailable|history_remifentanil_unavailable"":729,""history_propofol_unavailable|history_remifentanil_unavailable|target_bis_unavailable"":45,""history_remifentanil_unavailable"":38,""history_remifentanil_unavailable|target_bis_unavailable"":3,""target_bis_unavailable"":10654}",3449,0,0,false,false
sqi_ge_20__bis30s__drug30s,sqi_ge_20,30,30,2470,2500472,2380965,2405448,2372230,2466,4,"{""available_count"":2470,""maximum"":3674.0,""median"":800.0,""method"":""nearest_rank_observed_values"",""minimum"":0.0,""missing_count"":0,""q01"":176.0,""q05"":285.0,""q25"":497.0,""q75"":1303.0,""q95"":2143.0,""q99"":2870.0}","{""history_bis_unavailable"":115807,""history_propofol_unavailable"":13686,""history_remifentanil_unavailable"":14365,""target_bis_unavailable"":95024}","{""PASS"":2372230,""history_bis_unavailable"":28781,""history_bis_unavailable|history_propofol_unavailable|history_remifentanil_unavailable"":915,""history_bis_unavailable|history_propofol_unavailable|history_remifentanil_unavailable|target_bis_unavailable"":9306,""history_bis_unavailable|history_propofol_unavailable|target_bis_unavailable"":61,""history_bis_unavailable|history_remifentanil_unavailable"":30,""history_bis_unavailable|history_remifentanil_unavailable|target_bis_unavailable"":478,""history_bis_unavailable|target_bis_unavailable"":76236,""history_propofol_unavailable"":64,""history_propofol_unavailable|history_remifentanil_unavailable"":3144,""history_propofol_unavailable|history_remifentanil_unavailable|target_bis_unavailable"":196,""history_remifentanil_unavailable"":284,""history_remifentanil_unavailable|target_bis_unavailable"":12,""target_bis_unavailable"":8735}",3449,0,0,false,false
sqi_ge_20__bis30s__drug60s,sqi_ge_20,30,60,2470,2500472,2381510,2405448,2372732,2466,4,"{""available_count"":2470,""maximum"":3674.0,""median"":800.0,""method"":""nearest_rank_observed_values"",""minimum"":0.0,""missing_count"":0,""q01"":176.0,""q05"":285.0,""q25"":498.0,""q75"":1304.0,""q95"":2143.0,""q99"":2870.0}","{""history_bis_unavailable"":115807,""history_propofol_unavailable"":11980,""history_remifentanil_unavailable"":12688,""target_bis_unavailable"":95024}","{""PASS"":2372732,""history_bis_unavailable"":29269,""history_bis_unavailable|history_propofol_unavailable|history_remifentanil_unavailable"":429,""history_bis_unavailable|history_propofol_unavailable|history_remifentanil_unavailable|target_bis_unavailable"":8637,""history_bis_unavailable|history_propofol_unavailable|target_bis_unavailable"":58,""history_bis_unavailable|history_remifentanil_unavailable"":28,""history_bis_unavailable|history_remifentanil_unavailable|target_bis_unavailable"":510,""history_bis_unavailable|target_bis_unavailable"":76876,""history_propofol_unavailable"":71,""history_propofol_unavailable|history_remifentanil_unavailable"":2631,""history_propofol_unavailable|history_remifentanil_unavailable|target_bis_unavailable"":154,""history_remifentanil_unavailable"":288,""history_remifentanil_unavailable|target_bis_unavailable"":11,""target_bis_unavailable"":8778}",3449,0,0,false,false
sqi_ge_20__bis30s__drug120s,sqi_ge_20,30,120,2470,2500472,2382164,2405448,2373345,2466,4,"{""available_count"":2470,""maximum"":3674.0,""median"":800.0,""method"":""nearest_rank_observed_values"",""minimum"":0.0,""missing_count"":0,""q01"":176.0,""q05"":285.0,""q25"":498.0,""q75"":1304.0,""q95"":2143.0,""q99"":2870.0}","{""history_bis_unavailable"":115807,""history_propofol_unavailable"":10181,""history_remifentanil_unavailable"":10757,""target_bis_unavailable"":95024}","{""PASS"":2373345,""history_bis_unavailable"":29440,""history_bis_unavailable|history_propofol_unavailable|history_remifentanil_unavailable"":277,""history_bis_unavailable|history_propofol_unavailable|history_remifentanil_unavailable|target_bis_unavailable"":7546,""history_bis_unavailable|history_propofol_unavailable|target_bis_unavailable"":55,""history_bis_unavailable|history_remifentanil_unavailable"":9,""history_bis_unavailable|history_remifentanil_unavailable|target_bis_unavailable"":468,""history_bis_unavailable|target_bis_unavailable"":78012,""history_propofol_unavailable"":44,""history_propofol_unavailable|history_remifentanil_unavailable"":2148,""history_propofol_unavailable|history_remifentanil_unavailable|target_bis_unavailable"":111,""history_remifentanil_unavailable"":185,""history_remifentanil_unavailable|target_bis_unavailable"":13,""target_bis_unavailable"":8819}",3449,0,0,false,false
sqi_ge_20__bis30s__drug300s,sqi_ge_20,30,300,2470,2500472,2383098,2405448,2374239,2466,4,"{""available_count"":2470,""maximum"":3674.0,""median"":801.0,""method"":""nearest_rank_observed_values"",""minimum"":0.0,""missing_count"":0,""q01"":176.0,""q05"":285.0,""q25"":501.0,""q75"":1304.0,""q95"":2143.0,""q99"":2870.0}","{""history_bis_unavailable"":115807,""history_propofol_unavailable"":6580,""history_remifentanil_unavailable"":6999,""target_bis_unavailable"":95024}","{""PASS"":2374239,""history_bis_unavailable"":29580,""history_bis_unavailable|history_propofol_unavailable|history_remifentanil_unavailable"":138,""history_bis_unavailable|history_propofol_unavailable|history_remifentanil_unavailable|target_bis_unavailable"":4928,""history_bis_unavailable|history_propofol_unavailable|target_bis_unavailable"":33,""history_bis_unavailable|history_remifentanil_unavailable"":8,""history_bis_unavailable|history_remifentanil_unavailable|target_bis_unavailable"":380,""history_bis_unavailable|target_bis_unavailable"":80740,""history_propofol_unavailable"":22,""history_propofol_unavailable|history_remifentanil_unavailable"":1380,""history_propofol_unavailable|history_remifentanil_unavailable|target_bis_unavailable"":79,""history_remifentanil_unavailable"":81,""history_remifentanil_unavailable|target_bis_unavailable"":5,""target_bis_unavailable"":8859}",3449,0,0,false,false
sqi_ge_20__bis30s__drug600s,sqi_ge_20,30,600,2470,2500472,2383826,2405448,2374934,2466,4,"{""available_count"":2470,""maximum"":3674.0,""median"":801.0,""method"":""nearest_rank_observed_values"",""minimum"":0.0,""missing_count"":0,""q01"":176.0,""q05"":285.0,""q25"":503.0,""q75"":1304.0,""q95"":2143.0,""q99"":2870.0}","{""history_bis_unavailable"":115807,""history_propofol_unavailable"":3793,""history_remifentanil_unavailable"":3996,""target_bis_unavailable"":95024}","{""PASS"":2374934,""history_bis_unavailable"":29620,""history_bis_unavailable|history_propofol_unavailable"":2,""history_bis_unavailable|history_propofol_unavailable|history_remifentanil_unavailable"":96,""history_bis_unavailable|history_propofol_unavailable|history_remifentanil_unavailable|target_bis_unavailable"":2894,""history_bis_unavailable|history_propofol_unavailable|target_bis_unavailable"":4,""history_bis_unavailable|history_remifentanil_unavailable"":8,""history_bis_unavailable|history_remifentanil_unavailable|target_bis_unavailable"":167,""history_bis_unavailable|target_bis_unavailable"":83016,""history_propofol_unavailable"":5,""history_propofol_unavailable|history_remifentanil_unavailable"":744,""history_propofol_unavailable|history_remifentanil_unavailable|target_bis_unavailable"":45,""history_propofol_unavailable|target_bis_unavailable"":3,""history_remifentanil_unavailable"":39,""history_remifentanil_unavailable|target_bis_unavailable"":3,""target_bis_unavailable"":8892}",3449,0,0,false,false
sqi_ge_50__bis10s__drug30s,sqi_ge_50,10,30,2470,2500472,2232648,2340360,2192688,2466,4,"{""available_count"":2470,""maximum"":3578.0,""median"":730.0,""method"":""nearest_rank_observed_values"",""minimum"":0.0,""missing_count"":0,""q01"":157.0,""q05"":261.0,""q25"":447.0,""q75"":1192.0,""q95"":2023.0,""q99"":2611.0}","{""history_bis_unavailable"":264461,""history_propofol_unavailable"":13686,""history_remifentanil_unavailable"":14365,""target_bis_unavailable"":160112}","{""PASS"":2192688,""history_bis_unavailable"":143503,""history_bis_unavailable|history_propofol_unavailable"":4,""history_bis_unavailable|history_propofol_unavailable|history_remifentanil_unavailable"":946,""history_bis_unavailable|history_propofol_unavailable|history_remifentanil_unavailable|target_bis_unavailable"":9582,""history_bis_unavailable|history_propofol_unavailable|target_bis_unavailable"":61,""history_bis_unavailable|history_remifentanil_unavailable"":36,""history_bis_unavailable|history_remifentanil_unavailable|target_bis_unavailable"":498,""history_bis_unavailable|target_bis_unavailable"":109831,""history_propofol_unavailable"":60,""history_propofol_unavailable|history_remifentanil_unavailable"":2861,""history_propofol_unavailable|history_remifentanil_unavailable|target_bis_unavailable"":172,""history_remifentanil_unavailable"":262,""history_remifentanil_unavailable|target_bis_unavailable"":8,""target_bis_unavailable"":39960}",3446,0,0,false,false
sqi_ge_50__bis10s__drug60s,sqi_ge_50,10,60,2470,2500472,2233044,2340360,2193061,2466,4,"{""available_count"":2470,""maximum"":3578.0,""median"":730.0,""method"":""nearest_rank_observed_values"",""minimum"":0.0,""missing_count"":0,""q01"":157.0,""q05"":261.0,""q25"":447.0,""q75"":1192.0,""q95"":2023.0,""q99"":2611.0}","{""history_bis_unavailable"":264461,""history_propofol_unavailable"":11980,""history_remifentanil_unavailable"":12688,""target_bis_unavailable"":160112}","{""PASS"":2193061,""history_bis_unavailable"":144052,""history_bis_unavailable|history_propofol_unavailable"":4,""history_bis_unavailable|history_propofol_unavailable|history_remifentanil_unavailable"":409,""history_bis_unavailable|history_propofol_unavailable|history_remifentanil_unavailable|target_bis_unavailable"":8821,""history_bis_unavailable|history_propofol_unavailable|target_bis_unavailable"":60,""history_bis_unavailable|history_remifentanil_unavailable"":24,""history_bis_unavailable|history_remifentanil_unavailable|target_bis_unavailable"":532,""history_bis_unavailable|target_bis_unavailable"":110559,""history_propofol_unavailable"":62,""history_propofol_unavailable|history_remifentanil_unavailable"":2476,""history_propofol_unavailable|history_remifentanil_unavailable|target_bis_unavailable"":145,""history_propofol_unavailable|target_bis_unavailable"":3,""history_remifentanil_unavailable"":272,""history_remifentanil_unavailable|target_bis_unavailable"":9,""target_bis_unavailable"":39983}",3446,0,0,false,false
sqi_ge_50__bis10s__drug120s,sqi_ge_50,10,120,2470,2500472,2233649,2340360,2193626,2466,4,"{""available_count"":2470,""maximum"":3578.0,""median"":731.0,""method"":""nearest_rank_observed_values"",""minimum"":0.0,""missing_count"":0,""q01"":157.0,""q05"":261.0,""q25"":447.0,""q75"":1192.0,""q95"":2023.0,""q99"":2611.0}","{""history_bis_unavailable"":264461,""history_propofol_unavailable"":10181,""history_remifentanil_unavailable"":10757,""target_bis_unavailable"":160112}","{""PASS"":2193626,""history_bis_unavailable"":144208,""history_bis_unavailable|history_propofol_unavailable"":5,""history_bis_unavailable|history_propofol_unavailable|history_remifentanil_unavailable"":268,""history_bis_unavailable|history_propofol_unavailable|history_remifentanil_unavailable|target_bis_unavailable"":7677,""history_bis_unavailable|history_propofol_unavailable|target_bis_unavailable"":55,""history_bis_unavailable|history_remifentanil_unavailable"":8,""history_bis_unavailable|history_remifentanil_unavailable|target_bis_unavailable"":481,""history_bis_unavailable|target_bis_unavailable"":111759,""history_propofol_unavailable"":39,""history_propofol_unavailable|history_remifentanil_unavailable"":2029,""history_propofol_unavailable|history_remifentanil_unavailable|target_bis_unavailable"":108,""history_remifentanil_unavailable"":177,""history_remifentanil_unavailable|target_bis_unavailable"":9,""target_bis_unavailable"":40023}",3446,0,0,false,false
sqi_ge_50__bis10s__drug300s,sqi_ge_50,10,300,2470,2500472,2234532,2340360,2194472,2466,4,"{""available_count"":2470,""maximum"":3578.0,""median"":731.0,""method"":""nearest_rank_observed_values"",""minimum"":0.0,""missing_count"":0,""q01"":157.0,""q05"":261.0,""q25"":449.0,""q75"":1194.0,""q95"":2023.0,""q99"":2611.0}","{""history_bis_unavailable"":264461,""history_propofol_unavailable"":6580,""history_remifentanil_unavailable"":6999,""target_bis_unavailable"":160112}","{""PASS"":2194472,""history_bis_unavailable"":144357,""history_bis_unavailable|history_propofol_unavailable|history_remifentanil_unavailable"":124,""history_bis_unavailable|history_propofol_unavailable|history_remifentanil_unavailable|target_bis_unavailable"":5026,""history_bis_unavailable|history_propofol_unavailable|target_bis_unavailable"":33,""history_bis_unavailable|history_remifentanil_unavailable"":8,""history_bis_unavailable|history_remifentanil_unavailable|target_bis_unavailable"":384,""history_bis_unavailable|target_bis_unavailable"":114529,""history_propofol_unavailable"":19,""history_propofol_unavailable|history_remifentanil_unavailable"":1302,""history_propofol_unavailable|history_remifentanil_unavailable|target_bis_unavailable"":73,""history_propofol_unavailable|target_bis_unavailable"":3,""history_remifentanil_unavailable"":78,""history_remifentanil_unavailable|target_bis_unavailable"":4,""target_bis_unavailable"":40060}",3446,0,0,false,false
sqi_ge_50__bis10s__drug600s,sqi_ge_50,10,600,2470,2500472,2235231,2340360,2195140,2466,4,"{""available_count"":2470,""maximum"":3578.0,""median"":731.0,""method"":""nearest_rank_observed_values"",""minimum"":0.0,""missing_count"":0,""q01"":157.0,""q05"":261.0,""q25"":449.0,""q75"":1195.0,""q95"":2023.0,""q99"":2611.0}","{""history_bis_unavailable"":264461,""history_propofol_unavailable"":3793,""history_remifentanil_unavailable"":3996,""target_bis_unavailable"":160112}","{""PASS"":2195140,""history_bis_unavailable"":144384,""history_bis_unavailable|history_propofol_unavailable|history_remifentanil_unavailable"":97,""history_bis_unavailable|history_propofol_unavailable|history_remifentanil_unavailable|target_bis_unavailable"":2941,""history_bis_unavailable|history_propofol_unavailable|target_bis_unavailable"":14,""history_bis_unavailable|history_remifentanil_unavailable"":8,""history_bis_unavailable|history_remifentanil_unavailable|target_bis_unavailable"":170,""history_bis_unavailable|target_bis_unavailable"":116847,""history_propofol_unavailable|history_remifentanil_unavailable"":695,""history_propofol_unavailable|history_remifentanil_unavailable|target_bis_unavailable"":46,""history_remifentanil_unavailable"":36,""history_remifentanil_unavailable|target_bis_unavailable"":3,""target_bis_unavailable"":40091}",3446,0,0,false,false
sqi_ge_50__bis20s__drug30s,sqi_ge_50,20,30,2470,2500472,2281946,2361339,2252195,2466,4,"{""available_count"":2470,""maximum"":3585.0,""median"":757.0,""method"":""nearest_rank_observed_values"",""minimum"":0.0,""missing_count"":0,""q01"":159.0,""q05"":267.0,""q25"":463.0,""q75"":1229.0,""q95"":2069.0,""q99"":2694.0}","{""history_bis_unavailable"":215034,""history_propofol_unavailable"":13686,""history_remifentanil_unavailable"":14365,""target_bis_unavailable"":139133}","{""PASS"":2252195,""history_bis_unavailable"":104890,""history_bis_unavailable|history_propofol_unavailable"":4,""history_bis_unavailable|history_propofol_unavailable|history_remifentanil_unavailable"":916,""history_bis_unavailable|history_propofol_unavailable|history_remifentanil_unavailable|target_bis_unavailable"":9487,""history_bis_unavailable|history_propofol_unavailable|target_bis_unavailable"":61,""history_bis_unavailable|history_remifentanil_unavailable"":36,""history_bis_unavailable|history_remifentanil_unavailable|target_bis_unavailable"":494,""history_bis_unavailable|target_bis_unavailable"":99146,""history_propofol_unavailable"":60,""history_propofol_unavailable|history_remifentanil_unavailable"":2972,""history_propofol_unavailable|history_remifentanil_unavailable|target_bis_unavailable"":186,""history_remifentanil_unavailable"":266,""history_remifentanil_unavailable|target_bis_unavailable"":8,""target_bis_unavailable"":29751}",3446,0,0,false,false
sqi_ge_50__bis20s__drug60s,sqi_ge_50,20,60,2470,2500472,2282401,2361339,2252614,2466,4,"{""available_count"":2470,""maximum"":3585.0,""median"":757.0,""method"":""nearest_rank_observed_values"",""minimum"":0.0,""missing_count"":0,""q01"":159.0,""q05"":267.0,""q25"":463.0,""q75"":1229.0,""q95"":2069.0,""q99"":2694.0}","{""history_bis_unavailable"":215034,""history_propofol_unavailable"":11980,""history_remifentanil_unavailable"":12688,""target_bis_unavailable"":139133}","{""PASS"":2252614,""history_bis_unavailable"":105413,""history_bis_unavailable|history_propofol_unavailable"":4,""history_bis_unavailable|history_propofol_unavailable|history_remifentanil_unavailable"":405,""history_bis_unavailable|history_propofol_unavailable|history_remifentanil_unavailable|target_bis_unavailable"":8759,""history_bis_unavailable|history_propofol_unavailable|target_bis_unavailable"":59,""history_bis_unavailable|history_remifentanil_unavailable"":24,""history_bis_unavailable|history_remifentanil_unavailable|target_bis_unavailable"":529,""history_bis_unavailable|target_bis_unavailable"":99841,""history_propofol_unavailable"":63,""history_propofol_unavailable|history_remifentanil_unavailable"":2541,""history_propofol_unavailable|history_remifentanil_unavailable|target_bis_unavailable"":146,""history_propofol_unavailable|target_bis_unavailable"":3,""history_remifentanil_unavailable"":275,""history_remifentanil_unavailable|target_bis_unavailable"":9,""target_bis_unavailable"":29787}",3446,0,0,false,false
sqi_ge_50__bis20s__drug120s,sqi_ge_50,20,120,2470,2500472,2283025,2361339,2253199,2466,4,"{""available_count"":2470,""maximum"":3585.0,""median"":757.0,""method"":""nearest_rank_observed_values"",""minimum"":0.0,""missing_count"":0,""q01"":159.0,""q05"":267.0,""q25"":464.0,""q75"":1232.0,""q95"":2069.0,""q99"":2694.0}","{""history_bis_unavailable"":215034,""history_propofol_unavailable"":10181,""history_remifentanil_unavailable"":10757,""target_bis_unavailable"":139133}","{""PASS"":2253199,""history_bis_unavailable"":105565,""history_bis_unavailable|history_propofol_unavailable"":4,""history_bis_unavailable|history_propofol_unavailable|history_remifentanil_unavailable"":269,""history_bis_unavailable|history_propofol_unavailable|history_remifentanil_unavailable|target_bis_unavailable"":7630,""history_bis_unavailable|history_propofol_unavailable|target_bis_unavailable"":55,""history_bis_unavailable|history_remifentanil_unavailable"":8,""history_bis_unavailable|history_remifentanil_unavailable|target_bis_unavailable"":477,""history_bis_unavailable|target_bis_unavailable"":101026,""history_propofol_unavailable"":40,""history_propofol_unavailable|history_remifentanil_unavailable"":2075,""history_propofol_unavailable|history_remifentanil_unavailable|target_bis_unavailable"":108,""history_remifentanil_unavailable"":179,""history_remifentanil_unavailable|target_bis_unavailable"":11,""target_bis_unavailable"":29826}",3446,0,0,false,false
sqi_ge_50__bis20s__drug300s,sqi_ge_50,20,300,2470,2500472,2283929,2361339,2254065,2466,4,"{""available_count"":2470,""maximum"":3585.0,""median"":757.0,""method"":""nearest_rank_observed_values"",""minimum"":0.0,""missing_count"":0,""q01"":159.0,""q05"":267.0,""q25"":466.0,""q75"":1235.0,""q95"":2069.0,""q99"":2694.0}","{""history_bis_unavailable"":215034,""history_propofol_unavailable"":6580,""history_remifentanil_unavailable"":6999,""target_bis_unavailable"":139133}","{""PASS"":2254065,""history_bis_unavailable"":105709,""history_bis_unavailable|history_propofol_unavailable|history_remifentanil_unavailable"":129,""history_bis_unavailable|history_propofol_unavailable|history_remifentanil_unavailable|target_bis_unavailable"":4993,""history_bis_unavailable|history_propofol_unavailable|target_bis_unavailable"":33,""history_bis_unavailable|history_remifentanil_unavailable"":8,""history_bis_unavailable|history_remifentanil_unavailable|target_bis_unavailable"":382,""history_bis_unavailable|target_bis_unavailable"":103780,""history_propofol_unavailable"":20,""history_propofol_unavailable|history_remifentanil_unavailable"":1329,""history_propofol_unavailable|history_remifentanil_unavailable|target_bis_unavailable"":74,""history_propofol_unavailable|target_bis_unavailable"":2,""history_remifentanil_unavailable"":79,""history_remifentanil_unavailable|target_bis_unavailable"":5,""target_bis_unavailable"":29864}",3446,0,0,false,false
sqi_ge_50__bis20s__drug600s,sqi_ge_50,20,600,2470,2500472,2284641,2361339,2254745,2466,4,"{""available_count"":2470,""maximum"":3585.0,""median"":758.0,""method"":""nearest_rank_observed_values"",""minimum"":0.0,""missing_count"":0,""q01"":159.0,""q05"":267.0,""q25"":466.0,""q75"":1235.0,""q95"":2069.0,""q99"":2694.0}","{""history_bis_unavailable"":215034,""history_propofol_unavailable"":3793,""history_remifentanil_unavailable"":3996,""target_bis_unavailable"":139133}","{""PASS"":2254745,""history_bis_unavailable"":105738,""history_bis_unavailable|history_propofol_unavailable|history_remifentanil_unavailable"":100,""history_bis_unavailable|history_propofol_unavailable|history_remifentanil_unavailable|target_bis_unavailable"":2922,""history_bis_unavailable|history_propofol_unavailable|target_bis_unavailable"":14,""history_bis_unavailable|history_remifentanil_unavailable"":8,""history_bis_unavailable|history_remifentanil_unavailable|target_bis_unavailable"":169,""history_bis_unavailable|target_bis_unavailable"":106083,""history_propofol_unavailable|history_remifentanil_unavailable"":711,""history_propofol_unavailable|history_remifentanil_unavailable|target_bis_unavailable"":46,""history_remifentanil_unavailable"":37,""history_remifentanil_unavailable|target_bis_unavailable"":3,""target_bis_unavailable"":29896}",3446,0,0,false,false
sqi_ge_50__bis30s__drug30s,sqi_ge_50,30,30,2470,2500472,2317541,2375934,2295485,2466,4,"{""available_count"":2470,""maximum"":3594.0,""median"":771.0,""method"":""nearest_rank_observed_values"",""minimum"":0.0,""missing_count"":0,""q01"":166.0,""q05"":272.0,""q25"":478.0,""q75"":1258.0,""q95"":2086.0,""q99"":2760.0}","{""history_bis_unavailable"":179312,""history_propofol_unavailable"":13686,""history_remifentanil_unavailable"":14365,""target_bis_unavailable"":124538}","{""PASS"":2295485,""history_bis_unavailable"":76117,""history_bis_unavailable|history_propofol_unavailable|history_remifentanil_unavailable"":885,""history_bis_unavailable|history_propofol_unavailable|history_remifentanil_unavailable|target_bis_unavailable"":9398,""history_bis_unavailable|history_propofol_unavailable|target_bis_unavailable"":61,""history_bis_unavailable|history_remifentanil_unavailable"":35,""history_bis_unavailable|history_remifentanil_unavailable|target_bis_unavailable"":492,""history_bis_unavailable|target_bis_unavailable"":92324,""history_propofol_unavailable"":64,""history_propofol_unavailable|history_remifentanil_unavailable"":3079,""history_propofol_unavailable|history_remifentanil_unavailable|target_bis_unavailable"":199,""history_remifentanil_unavailable"":269,""history_remifentanil_unavailable|target_bis_unavailable"":8,""target_bis_unavailable"":22056}",3446,0,0,false,false
sqi_ge_50__bis30s__drug60s,sqi_ge_50,30,60,2470,2500472,2318059,2375934,2295956,2466,4,"{""available_count"":2470,""maximum"":3594.0,""median"":771.0,""method"":""nearest_rank_observed_values"",""minimum"":0.0,""missing_count"":0,""q01"":166.0,""q05"":272.0,""q25"":478.0,""q75"":1258.0,""q95"":2087.0,""q99"":2760.0}","{""history_bis_unavailable"":179312,""history_propofol_unavailable"":11980,""history_remifentanil_unavailable"":12688,""target_bis_unavailable"":124538}","{""PASS"":2295956,""history_bis_unavailable"":76605,""history_bis_unavailable|history_propofol_unavailable|history_remifentanil_unavailable"":408,""history_bis_unavailable|history_propofol_unavailable|history_remifentanil_unavailable|target_bis_unavailable"":8699,""history_bis_unavailable|history_propofol_unavailable|target_bis_unavailable"":58,""history_bis_unavailable|history_remifentanil_unavailable"":24,""history_bis_unavailable|history_remifentanil_unavailable|target_bis_unavailable"":527,""history_bis_unavailable|target_bis_unavailable"":92991,""history_propofol_unavailable"":68,""history_propofol_unavailable|history_remifentanil_unavailable"":2595,""history_propofol_unavailable|history_remifentanil_unavailable|target_bis_unavailable"":149,""history_propofol_unavailable|target_bis_unavailable"":3,""history_remifentanil_unavailable"":278,""history_remifentanil_unavailable|target_bis_unavailable"":8,""target_bis_unavailable"":22103}",3446,0,0,false,false
sqi_ge_50__bis30s__drug120s,sqi_ge_50,30,120,2470,2500472,2318697,2375934,2296554,2466,4,"{""available_count"":2470,""maximum"":3594.0,""median"":773.0,""method"":""nearest_rank_observed_values"",""minimum"":0.0,""missing_count"":0,""q01"":166.0,""q05"":272.0,""q25"":478.0,""q75"":1258.0,""q95"":2087.0,""q99"":2760.0}","{""history_bis_unavailable"":179312,""history_propofol_unavailable"":10181,""history_remifentanil_unavailable"":10757,""target_bis_unavailable"":124538}","{""PASS"":2296554,""history_bis_unavailable"":76758,""history_bis_unavailable|history_propofol_unavailable|history_remifentanil_unavailable"":271,""history_bis_unavailable|history_propofol_unavailable|history_remifentanil_unavailable|target_bis_unavailable"":7584,""history_bis_unavailable|history_propofol_unavailable|target_bis_unavailable"":55,""history_bis_unavailable|history_remifentanil_unavailable"":8,""history_bis_unavailable|history_remifentanil_unavailable|target_bis_unavailable"":475,""history_bis_unavailable|target_bis_unavailable"":94161,""history_propofol_unavailable"":44,""history_propofol_unavailable|history_remifentanil_unavailable"":2117,""history_propofol_unavailable|history_remifentanil_unavailable|target_bis_unavailable"":110,""history_remifentanil_unavailable"":182,""history_remifentanil_unavailable|target_bis_unavailable"":10,""target_bis_unavailable"":22143}",3446,0,0,false,false
sqi_ge_50__bis30s__drug300s,sqi_ge_50,30,300,2470,2500472,2319618,2375934,2297439,2466,4,"{""available_count"":2470,""maximum"":3594.0,""median"":773.0,""method"":""nearest_rank_observed_values"",""minimum"":0.0,""missing_count"":0,""q01"":166.0,""q05"":272.0,""q25"":479.0,""q75"":1258.0,""q95"":2087.0,""q99"":2760.0}","{""history_bis_unavailable"":179312,""history_propofol_unavailable"":6580,""history_remifentanil_unavailable"":6999,""target_bis_unavailable"":124538}","{""PASS"":2297439,""history_bis_unavailable"":76898,""history_bis_unavailable|history_propofol_unavailable|history_remifentanil_unavailable"":131,""history_bis_unavailable|history_propofol_unavailable|history_remifentanil_unavailable|target_bis_unavailable"":4959,""history_bis_unavailable|history_propofol_unavailable|target_bis_unavailable"":33,""history_bis_unavailable|history_remifentanil_unavailable"":8,""history_bis_unavailable|history_remifentanil_unavailable|target_bis_unavailable"":381,""history_bis_unavailable|target_bis_unavailable"":96902,""history_propofol_unavailable"":21,""history_propofol_unavailable|history_remifentanil_unavailable"":1357,""history_propofol_unavailable|history_remifentanil_unavailable|target_bis_unavailable"":78,""history_propofol_unavailable|target_bis_unavailable"":1,""history_remifentanil_unavailable"":80,""history_remifentanil_unavailable|target_bis_unavailable"":5,""target_bis_unavailable"":22179}",3446,0,0,false,false
sqi_ge_50__bis30s__drug600s,sqi_ge_50,30,600,2470,2500472,2320341,2375934,2298129,2466,4,"{""available_count"":2470,""maximum"":3594.0,""median"":775.0,""method"":""nearest_rank_observed_values"",""minimum"":0.0,""missing_count"":0,""q01"":166.0,""q05"":272.0,""q25"":481.0,""q75"":1259.0,""q95"":2087.0,""q99"":2760.0}","{""history_bis_unavailable"":179312,""history_propofol_unavailable"":3793,""history_remifentanil_unavailable"":3996,""target_bis_unavailable"":124538}","{""PASS"":2298129,""history_bis_unavailable"":76929,""history_bis_unavailable|history_propofol_unavailable|history_remifentanil_unavailable"":100,""history_bis_unavailable|history_propofol_unavailable|history_remifentanil_unavailable|target_bis_unavailable"":2901,""history_bis_unavailable|history_propofol_unavailable|target_bis_unavailable"":14,""history_bis_unavailable|history_remifentanil_unavailable"":8,""history_bis_unavailable|history_remifentanil_unavailable|target_bis_unavailable"":168,""history_bis_unavailable|target_bis_unavailable"":99192,""history_propofol_unavailable|history_remifentanil_unavailable"":730,""history_propofol_unavailable|history_remifentanil_unavailable|target_bis_unavailable"":48,""history_remifentanil_unavailable"":38,""history_remifentanil_unavailable|target_bis_unavailable"":3,""target_bis_unavailable"":22212}",3446,0,0,false,false
sqi_ge_80__bis10s__drug30s,sqi_ge_80,10,30,2470,2500472,1523456,1825308,1407775,2465,5,"{""available_count"":2470,""maximum"":3129.0,""median"":444.0,""method"":""nearest_rank_observed_values"",""minimum"":0.0,""missing_count"":0,""q01"":72.0,""q05"":136.0,""q25"":260.0,""q75"":783.0,""q95"":1402.0,""q99"":1891.0}","{""history_bis_unavailable"":974675,""history_propofol_unavailable"":13686,""history_remifentanil_unavailable"":14365,""target_bis_unavailable"":675164}","{""PASS"":1407775,""history_bis_unavailable"":414275,""history_bis_unavailable|history_propofol_unavailable"":11,""history_bis_unavailable|history_propofol_unavailable|history_remifentanil_unavailable"":1111,""history_bis_unavailable|history_propofol_unavailable|history_remifentanil_unavailable|target_bis_unavailable"":10342,""history_bis_unavailable|history_propofol_unavailable|target_bis_unavailable"":71,""history_bis_unavailable|history_remifentanil_unavailable"":52,""history_bis_unavailable|history_remifentanil_unavailable|target_bis_unavailable"":562,""history_bis_unavailable|target_bis_unavailable"":548251,""history_propofol_unavailable"":34,""history_propofol_unavailable|history_remifentanil_unavailable"":1873,""history_propofol_unavailable|history_remifentanil_unavailable|target_bis_unavailable"":235,""history_propofol_unavailable|target_bis_unavailable"":9,""history_remifentanil_unavailable"":177,""history_remifentanil_unavailable|target_bis_unavailable"":13,""target_bis_unavailable"":115681}",3446,0,0,false,false
sqi_ge_80__bis10s__drug60s,sqi_ge_80,10,60,2470,2500472,1523720,1825308,1408004,2465,5,"{""available_count"":2470,""maximum"":3129.0,""median"":444.0,""method"":""nearest_rank_observed_values"",""minimum"":0.0,""missing_count"":0,""q01"":72.0,""q05"":136.0,""q25"":260.0,""q75"":783.0,""q95"":1402.0,""q99"":1891.0}","{""history_bis_unavailable"":974675,""history_propofol_unavailable"":11980,""history_remifentanil_unavailable"":12688,""target_bis_unavailable"":675164}","{""PASS"":1408004,""history_bis_unavailable"":414728,""history_bis_unavailable|history_propofol_unavailable"":10,""history_bis_unavailable|history_propofol_unavailable|history_remifentanil_unavailable"":661,""history_bis_unavailable|history_propofol_unavailable|history_remifentanil_unavailable|target_bis_unavailable"":9339,""history_bis_unavailable|history_propofol_unavailable|target_bis_unavailable"":74,""history_bis_unavailable|history_remifentanil_unavailable"":50,""history_bis_unavailable|history_remifentanil_unavailable|target_bis_unavailable"":606,""history_bis_unavailable|target_bis_unavailable"":549207,""history_propofol_unavailable"":39,""history_propofol_unavailable|history_remifentanil_unavailable"":1649,""history_propofol_unavailable|history_remifentanil_unavailable|target_bis_unavailable"":202,""history_propofol_unavailable|target_bis_unavailable"":6,""history_remifentanil_unavailable"":167,""history_remifentanil_unavailable|target_bis_unavailable"":14,""target_bis_unavailable"":115716}",3446,0,0,false,false
sqi_ge_80__bis10s__drug120s,sqi_ge_80,10,120,2470,2500472,1524091,1825308,1408333,2465,5,"{""available_count"":2470,""maximum"":3129.0,""median"":444.0,""method"":""nearest_rank_observed_values"",""minimum"":0.0,""missing_count"":0,""q01"":72.0,""q05"":136.0,""q25"":260.0,""q75"":783.0,""q95"":1402.0,""q99"":1891.0}","{""history_bis_unavailable"":974675,""history_propofol_unavailable"":10181,""history_remifentanil_unavailable"":10757,""target_bis_unavailable"":675164}","{""PASS"":1408333,""history_bis_unavailable"":414931,""history_bis_unavailable|history_propofol_unavailable"":10,""history_bis_unavailable|history_propofol_unavailable|history_remifentanil_unavailable"":477,""history_bis_unavailable|history_propofol_unavailable|history_remifentanil_unavailable|target_bis_unavailable"":8058,""history_bis_unavailable|history_propofol_unavailable|target_bis_unavailable"":64,""history_bis_unavailable|history_remifentanil_unavailable"":31,""history_bis_unavailable|history_remifentanil_unavailable|target_bis_unavailable"":510,""history_bis_unavailable|target_bis_unavailable"":550594,""history_propofol_unavailable"":20,""history_propofol_unavailable|history_remifentanil_unavailable"":1382,""history_propofol_unavailable|history_remifentanil_unavailable|target_bis_unavailable"":165,""history_propofol_unavailable|target_bis_unavailable"":5,""history_remifentanil_unavailable"":124,""history_remifentanil_unavailable|target_bis_unavailable"":10,""target_bis_unavailable"":115758}",3446,0,0,false,false
sqi_ge_80__bis10s__drug300s,sqi_ge_80,10,300,2470,2500472,1524694,1825308,1408872,2465,5,"{""available_count"":2470,""maximum"":3129.0,""median"":444.0,""method"":""nearest_rank_observed_values"",""minimum"":0.0,""missing_count"":0,""q01"":72.0,""q05"":137.0,""q25"":260.0,""q75"":784.0,""q95"":1402.0,""q99"":1891.0}","{""history_bis_unavailable"":974675,""history_propofol_unavailable"":6580,""history_remifentanil_unavailable"":6999,""target_bis_unavailable"":675164}","{""PASS"":1408872,""history_bis_unavailable"":415177,""history_bis_unavailable|history_propofol_unavailable"":4,""history_bis_unavailable|history_propofol_unavailable|history_remifentanil_unavailable"":254,""history_bis_unavailable|history_propofol_unavailable|history_remifentanil_unavailable|target_bis_unavailable"":5240,""history_bis_unavailable|history_propofol_unavailable|target_bis_unavailable"":45,""history_bis_unavailable|history_remifentanil_unavailable"":14,""history_bis_unavailable|history_remifentanil_unavailable|target_bis_unavailable"":394,""history_bis_unavailable|target_bis_unavailable"":553547,""history_propofol_unavailable"":6,""history_propofol_unavailable|history_remifentanil_unavailable"":920,""history_propofol_unavailable|history_remifentanil_unavailable|target_bis_unavailable"":111,""history_remifentanil_unavailable"":61,""history_remifentanil_unavailable|target_bis_unavailable"":5,""target_bis_unavailable"":115822}",3446,0,0,false,false
sqi_ge_80__bis10s__drug600s,sqi_ge_80,10,600,2470,2500472,1525242,1825308,1409370,2465,5,"{""available_count"":2470,""maximum"":3129.0,""median"":444.0,""method"":""nearest_rank_observed_values"",""minimum"":0.0,""missing_count"":0,""q01"":72.0,""q05"":137.0,""q25"":260.0,""q75"":784.0,""q95"":1402.0,""q99"":1891.0}","{""history_bis_unavailable"":974675,""history_propofol_unavailable"":3793,""history_remifentanil_unavailable"":3996,""target_bis_unavailable"":675164}","{""PASS"":1409370,""history_bis_unavailable"":415272,""history_bis_unavailable|history_propofol_unavailable|history_remifentanil_unavailable"":175,""history_bis_unavailable|history_propofol_unavailable|history_remifentanil_unavailable|target_bis_unavailable"":3085,""history_bis_unavailable|history_propofol_unavailable|target_bis_unavailable"":14,""history_bis_unavailable|history_remifentanil_unavailable"":2,""history_bis_unavailable|history_remifentanil_unavailable|target_bis_unavailable"":179,""history_bis_unavailable|target_bis_unavailable"":555948,""history_propofol_unavailable|history_remifentanil_unavailable"":456,""history_propofol_unavailable|history_remifentanil_unavailable|target_bis_unavailable"":63,""history_remifentanil_unavailable"":33,""history_remifentanil_unavailable|target_bis_unavailable"":3,""target_bis_unavailable"":115872}",3446,0,0,false,false
sqi_ge_80__bis20s__drug30s,sqi_ge_80,20,30,2470,2500472,1608559,1893313,1495064,2465,5,"{""available_count"":2470,""maximum"":3200.0,""median"":471.0,""method"":""nearest_rank_observed_values"",""minimum"":0.0,""missing_count"":0,""q01"":80.0,""q05"":147.0,""q25"":279.0,""q75"":828.0,""q95"":1480.0,""q99"":1953.0}","{""history_bis_unavailable"":889390,""history_propofol_unavailable"":13686,""history_remifentanil_unavailable"":14365,""target_bis_unavailable"":607159}","{""PASS"":1495064,""history_bis_unavailable"":394825,""history_bis_unavailable|history_propofol_unavailable"":10,""history_bis_unavailable|history_propofol_unavailable|history_remifentanil_unavailable"":1099,""history_bis_unavailable|history_propofol_unavailable|history_remifentanil_unavailable|target_bis_unavailable"":10183,""history_bis_unavailable|history_propofol_unavailable|target_bis_unavailable"":68,""history_bis_unavailable|history_remifentanil_unavailable"":53,""history_bis_unavailable|history_remifentanil_unavailable|target_bis_unavailable"":554,""history_bis_unavailable|target_bis_unavailable"":482598,""history_propofol_unavailable"":39,""history_propofol_unavailable|history_remifentanil_unavailable"":2040,""history_propofol_unavailable|history_remifentanil_unavailable|target_bis_unavailable"":239,""history_propofol_unavailable|target_bis_unavailable"":8,""history_remifentanil_unavailable"":183,""history_remifentanil_unavailable|target_bis_unavailable"":14,""target_bis_unavailable"":113495}",3446,0,0,false,false
sqi_ge_80__bis20s__drug60s,sqi_ge_80,20,60,2470,2500472,1608868,1893313,1495330,2465,5,"{""available_count"":2470,""maximum"":3200.0,""median"":471.0,""method"":""nearest_rank_observed_values"",""minimum"":0.0,""missing_count"":0,""q01"":80.0,""q05"":147.0,""q25"":279.0,""q75"":829.0,""q95"":1480.0,""q99"":1953.0}","{""history_bis_unavailable"":889390,""history_propofol_unavailable"":11980,""history_remifentanil_unavailable"":12688,""target_bis_unavailable"":607159}","{""PASS"":1495330,""history_bis_unavailable"":395277,""history_bis_unavailable|history_propofol_unavailable"":10,""history_bis_unavailable|history_propofol_unavailable|history_remifentanil_unavailable"":649,""history_bis_unavailable|history_propofol_unavailable|history_remifentanil_unavailable|target_bis_unavailable"":9222,""history_bis_unavailable|history_propofol_unavailable|target_bis_unavailable"":73,""history_bis_unavailable|history_remifentanil_unavailable"":51,""history_bis_unavailable|history_remifentanil_unavailable|target_bis_unavailable"":598,""history_bis_unavailable|target_bis_unavailable"":483510,""history_propofol_unavailable"":43,""history_propofol_unavailable|history_remifentanil_unavailable"":1779,""history_propofol_unavailable|history_remifentanil_unavailable|target_bis_unavailable"":201,""history_propofol_unavailable|target_bis_unavailable"":3,""history_remifentanil_unavailable"":174,""history_remifentanil_unavailable|target_bis_unavailable"":14,""target_bis_unavailable"":113538}",3446,0,0,false,false
sqi_ge_80__bis20s__drug120s,sqi_ge_80,20,120,2470,2500472,1609273,1893313,1495688,2465,5,"{""available_count"":2470,""maximum"":3200.0,""median"":471.0,""method"":""nearest_rank_observed_values"",""minimum"":0.0,""missing_count"":0,""q01"":80.0,""q05"":148.0,""q25"":280.0,""q75"":829.0,""q95"":1480.0,""q99"":1953.0}","{""history_bis_unavailable"":889390,""history_propofol_unavailable"":10181,""history_remifentanil_unavailable"":10757,""target_bis_unavailable"":607159}","{""PASS"":1495688,""history_bis_unavailable"":395481,""history_bis_unavailable|history_propofol_unavailable"":9,""history_bis_unavailable|history_propofol_unavailable|history_remifentanil_unavailable"":466,""history_bis_unavailable|history_propofol_unavailable|history_remifentanil_unavailable|target_bis_unavailable"":7972,""history_bis_unavailable|history_propofol_unavailable|target_bis_unavailable"":63,""history_bis_unavailable|history_remifentanil_unavailable"":31,""history_bis_unavailable|history_remifentanil_unavailable|target_bis_unavailable"":506,""history_bis_unavailable|target_bis_unavailable"":484862,""history_propofol_unavailable"":24,""history_propofol_unavailable|history_remifentanil_unavailable"":1484,""history_propofol_unavailable|history_remifentanil_unavailable|target_bis_unavailable"":160,""history_propofol_unavailable|target_bis_unavailable"":3,""history_remifentanil_unavailable"":130,""history_remifentanil_unavailable|target_bis_unavailable"":8,""target_bis_unavailable"":113585}",3446,0,0,false,false
sqi_ge_80__bis20s__drug300s,sqi_ge_80,20,300,2470,2500472,1609909,1893313,1496267,2465,5,"{""available_count"":2470,""maximum"":3200.0,""median"":472.0,""method"":""nearest_rank_observed_values"",""minimum"":0.0,""missing_count"":0,""q01"":80.0,""q05"":149.0,""q25"":280.0,""q75"":830.0,""q95"":1480.0,""q99"":1953.0}","{""history_bis_unavailable"":889390,""history_propofol_unavailable"":6580,""history_remifentanil_unavailable"":6999,""target_bis_unavailable"":607159}","{""PASS"":1496267,""history_bis_unavailable"":395723,""history_bis_unavailable|history_propofol_unavailable"":5,""history_bis_unavailable|history_propofol_unavailable|history_remifentanil_unavailable"":244,""history_bis_unavailable|history_propofol_unavailable|history_remifentanil_unavailable|target_bis_unavailable"":5181,""history_bis_unavailable|history_propofol_unavailable|target_bis_unavailable"":44,""history_bis_unavailable|history_remifentanil_unavailable"":15,""history_bis_unavailable|history_remifentanil_unavailable|target_bis_unavailable"":392,""history_bis_unavailable|target_bis_unavailable"":487786,""history_propofol_unavailable"":6,""history_propofol_unavailable|history_remifentanil_unavailable"":990,""history_propofol_unavailable|history_remifentanil_unavailable|target_bis_unavailable"":110,""history_remifentanil_unavailable"":63,""history_remifentanil_unavailable|target_bis_unavailable"":4,""target_bis_unavailable"":113642}",3446,0,0,false,false
sqi_ge_80__bis20s__drug600s,sqi_ge_80,20,600,2470,2500472,1610487,1893313,1496799,2465,5,"{""available_count"":2470,""maximum"":3200.0,""median"":472.0,""method"":""nearest_rank_observed_values"",""minimum"":0.0,""missing_count"":0,""q01"":80.0,""q05"":149.0,""q25"":280.0,""q75"":831.0,""q95"":1480.0,""q99"":1953.0}","{""history_bis_unavailable"":889390,""history_propofol_unavailable"":3793,""history_remifentanil_unavailable"":3996,""target_bis_unavailable"":607159}","{""PASS"":1496799,""history_bis_unavailable"":395810,""history_bis_unavailable|history_propofol_unavailable|history_remifentanil_unavailable"":174,""history_bis_unavailable|history_propofol_unavailable|history_remifentanil_unavailable|target_bis_unavailable"":3047,""history_bis_unavailable|history_propofol_unavailable|target_bis_unavailable"":14,""history_bis_unavailable|history_remifentanil_unavailable"":3,""history_bis_unavailable|history_remifentanil_unavailable|target_bis_unavailable"":177,""history_bis_unavailable|target_bis_unavailable"":490165,""history_propofol_unavailable|history_remifentanil_unavailable"":493,""history_propofol_unavailable|history_remifentanil_unavailable|target_bis_unavailable"":65,""history_remifentanil_unavailable"":34,""history_remifentanil_unavailable|target_bis_unavailable"":3,""target_bis_unavailable"":113688}",3446,0,0,false,false
sqi_ge_80__bis30s__drug30s,sqi_ge_80,30,30,2470,2500472,1686795,1952494,1577825,2465,5,"{""available_count"":2470,""maximum"":3261.0,""median"":502.0,""method"":""nearest_rank_observed_values"",""minimum"":0.0,""missing_count"":0,""q01"":93.0,""q05"":164.0,""q25"":296.0,""q75"":871.0,""q95"":1548.0,""q99"":2054.0}","{""history_bis_unavailable"":810959,""history_propofol_unavailable"":13686,""history_remifentanil_unavailable"":14365,""target_bis_unavailable"":547978}","{""PASS"":1577825,""history_bis_unavailable"":371093,""history_bis_unavailable|history_propofol_unavailable"":7,""history_bis_unavailable|history_propofol_unavailable|history_remifentanil_unavailable"":1062,""history_bis_unavailable|history_propofol_unavailable|history_remifentanil_unavailable|target_bis_unavailable"":10043,""history_bis_unavailable|history_propofol_unavailable|target_bis_unavailable"":66,""history_bis_unavailable|history_remifentanil_unavailable"":47,""history_bis_unavailable|history_remifentanil_unavailable|target_bis_unavailable"":547,""history_bis_unavailable|target_bis_unavailable"":428094,""history_propofol_unavailable"":46,""history_propofol_unavailable|history_remifentanil_unavailable"":2217,""history_propofol_unavailable|history_remifentanil_unavailable|target_bis_unavailable"":239,""history_propofol_unavailable|target_bis_unavailable"":6,""history_remifentanil_unavailable"":197,""history_remifentanil_unavailable|target_bis_unavailable"":13,""target_bis_unavailable"":108970}",3446,0,0,false,false
sqi_ge_80__bis30s__drug60s,sqi_ge_80,30,60,2470,2500472,1687146,1952494,1578132,2465,5,"{""available_count"":2470,""maximum"":3261.0,""median"":502.0,""method"":""nearest_rank_observed_values"",""minimum"":0.0,""missing_count"":0,""q01"":94.0,""q05"":164.0,""q25"":297.0,""q75"":871.0,""q95"":1548.0,""q99"":2054.0}","{""history_bis_unavailable"":810959,""history_propofol_unavailable"":11980,""history_remifentanil_unavailable"":12688,""target_bis_unavailable"":547978}","{""PASS"":1578132,""history_bis_unavailable"":371537,""history_bis_unavailable|history_propofol_unavailable"":8,""history_bis_unavailable|history_propofol_unavailable|history_remifentanil_unavailable"":617,""history_bis_unavailable|history_propofol_unavailable|history_remifentanil_unavailable|target_bis_unavailable"":9119,""history_bis_unavailable|history_propofol_unavailable|target_bis_unavailable"":71,""history_bis_unavailable|history_remifentanil_unavailable"":47,""history_bis_unavailable|history_remifentanil_unavailable|target_bis_unavailable"":588,""history_bis_unavailable|target_bis_unavailable"":428972,""history_propofol_unavailable"":47,""history_propofol_unavailable|history_remifentanil_unavailable"":1919,""history_propofol_unavailable|history_remifentanil_unavailable|target_bis_unavailable"":196,""history_propofol_unavailable|target_bis_unavailable"":3,""history_remifentanil_unavailable"":187,""history_remifentanil_unavailable|target_bis_unavailable"":15,""target_bis_unavailable"":109014}",3446,0,0,false,false
sqi_ge_80__bis30s__drug120s,sqi_ge_80,30,120,2470,2500472,1687586,1952494,1578522,2465,5,"{""available_count"":2470,""maximum"":3261.0,""median"":502.0,""method"":""nearest_rank_observed_values"",""minimum"":0.0,""missing_count"":0,""q01"":94.0,""q05"":164.0,""q25"":297.0,""q75"":873.0,""q95"":1548.0,""q99"":2054.0}","{""history_bis_unavailable"":810959,""history_propofol_unavailable"":10181,""history_remifentanil_unavailable"":10757,""target_bis_unavailable"":547978}","{""PASS"":1578522,""history_bis_unavailable"":371737,""history_bis_unavailable|history_propofol_unavailable"":7,""history_bis_unavailable|history_propofol_unavailable|history_remifentanil_unavailable"":438,""history_bis_unavailable|history_propofol_unavailable|history_remifentanil_unavailable|target_bis_unavailable"":7893,""history_bis_unavailable|history_propofol_unavailable|target_bis_unavailable"":62,""history_bis_unavailable|history_remifentanil_unavailable"":27,""history_bis_unavailable|history_remifentanil_unavailable|target_bis_unavailable"":502,""history_bis_unavailable|target_bis_unavailable"":430293,""history_propofol_unavailable"":28,""history_propofol_unavailable|history_remifentanil_unavailable"":1595,""history_propofol_unavailable|history_remifentanil_unavailable|target_bis_unavailable"":156,""history_propofol_unavailable|target_bis_unavailable"":2,""history_remifentanil_unavailable"":140,""history_remifentanil_unavailable|target_bis_unavailable"":6,""target_bis_unavailable"":109064}",3446,0,0,false,false
sqi_ge_80__bis30s__drug300s,sqi_ge_80,30,300,2470,2500472,1688265,1952494,1579150,2465,5,"{""available_count"":2470,""maximum"":3261.0,""median"":502.0,""method"":""nearest_rank_observed_values"",""minimum"":0.0,""missing_count"":0,""q01"":94.0,""q05"":164.0,""q25"":298.0,""q75"":873.0,""q95"":1548.0,""q99"":2054.0}","{""history_bis_unavailable"":810959,""history_propofol_unavailable"":6580,""history_remifentanil_unavailable"":6999,""target_bis_unavailable"":547978}","{""PASS"":1579150,""history_bis_unavailable"":371963,""history_bis_unavailable|history_propofol_unavailable"":4,""history_bis_unavailable|history_propofol_unavailable|history_remifentanil_unavailable"":232,""history_bis_unavailable|history_propofol_unavailable|history_remifentanil_unavailable|target_bis_unavailable"":5127,""history_bis_unavailable|history_propofol_unavailable|target_bis_unavailable"":43,""history_bis_unavailable|history_remifentanil_unavailable"":10,""history_bis_unavailable|history_remifentanil_unavailable|target_bis_unavailable"":390,""history_bis_unavailable|target_bis_unavailable"":433190,""history_propofol_unavailable"":8,""history_propofol_unavailable|history_remifentanil_unavailable"":1056,""history_propofol_unavailable|history_remifentanil_unavailable|target_bis_unavailable"":110,""history_remifentanil_unavailable"":71,""history_remifentanil_unavailable|target_bis_unavailable"":3,""target_bis_unavailable"":109115}",3446,0,0,false,false
sqi_ge_80__bis30s__drug600s,sqi_ge_80,30,600,2470,2500472,1688877,1952494,1579721,2465,5,"{""available_count"":2470,""maximum"":3261.0,""median"":502.0,""method"":""nearest_rank_observed_values"",""minimum"":0.0,""missing_count"":0,""q01"":94.0,""q05"":164.0,""q25"":298.0,""q75"":874.0,""q95"":1548.0,""q99"":2054.0}","{""history_bis_unavailable"":810959,""history_propofol_unavailable"":3793,""history_remifentanil_unavailable"":3996,""target_bis_unavailable"":547978}","{""PASS"":1579721,""history_bis_unavailable"":372032,""history_bis_unavailable|history_propofol_unavailable|history_remifentanil_unavailable"":173,""history_bis_unavailable|history_propofol_unavailable|history_remifentanil_unavailable|target_bis_unavailable"":3008,""history_bis_unavailable|history_propofol_unavailable|target_bis_unavailable"":14,""history_bis_unavailable|history_remifentanil_unavailable"":4,""history_bis_unavailable|history_remifentanil_unavailable|target_bis_unavailable"":175,""history_bis_unavailable|target_bis_unavailable"":435553,""history_propofol_unavailable|history_remifentanil_unavailable"":529,""history_propofol_unavailable|history_remifentanil_unavailable|target_bis_unavailable"":69,""history_remifentanil_unavailable"":35,""history_remifentanil_unavailable|target_bis_unavailable"":3,""target_bis_unavailable"":109156}",3446,0,0,false,false
